departamento,cod_dpto,año,muertes_total,tasa_observada,tasa_suavizada,SMR,SMR_low,SMR_high
Antioquia,5,2008,603,10.649760804252981,10.78755287805231,1.0269487734061074,1.005703054394961,1.0481829931942876
Antioquia,5,2009,585,10.208752408436652,10.456317774912197,1.026994804073354,1.0060112240224202,1.0480611791420291
Antioquia,5,2010,596,10.275578604728144,10.509351422047162,1.02708564735754,1.0063179305003593,1.0479963175974885
Antioquia,5,2011,569,9.694692164558965,10.380610448671124,1.0273026558276126,1.0066769101174244,1.0481191051359475
Antioquia,5,2012,599,10.091113149175293,10.608523195242178,1.0275510326643087,1.0070627251563935,1.0482590832643472
Antioquia,5,2013,626,10.431332256095539,10.888419457908348,1.0278718191185068,1.0074862399263596,1.0484981271981126
Antioquia,5,2014,703,11.58764595406545,11.264970258346692,1.0282173900876257,1.0079214405941483,1.0487650242695234
Antioquia,5,2015,674,10.986229234355992,11.346818369945183,1.0286071415348748,1.008363116336982,1.0491099575688674
Antioquia,5,2016,737,11.865448072806517,11.169214322141853,1.02902931799088,1.0088116973822017,1.049512793926225
Antioquia,5,2017,753,11.958373426175624,11.282811540867469,1.02948219553339,1.0092732269496152,1.0499673380772738
Antioquia,5,2018,716,11.175017156616773,11.37576815825154,1.029976434165803,1.009759030901099,1.0504929568703043
Antioquia,5,2019,749,11.49113157729205,11.344938416820261,1.0304677424053728,1.0102085598227581,1.0510597514609028
Antioquia,5,2020,738,11.11099066676784,10.7081679740019,1.030938180478898,1.0106013680949613,1.0516490142822703
Antioquia,5,2021,751,11.173699699753316,10.745633563000789,1.0312991072875797,1.0108656409110597,1.05214603045553
Antioquia,5,2022,716,10.56475865059702,10.494902794311809,1.0315839258217046,1.0110406073020664,1.052589766411414
Antioquia,5,2023,700,10.25471991796224,10.49803195634333,1.0317304070090259,1.0110392601492462,1.0529567627540746
Antioquia,5,2024,721,10.478434263230186,10.317066175564019,1.0317802156353921,1.0109127160927147,1.053288968710408
Atlántico,8,2008,81,3.6745292519747195,4.323515864189431,0.411588185358015,0.39266834265020856,0.43114536974786766
Atlántico,8,2009,81,3.6269620297375065,4.190759813117592,0.4116065182637707,0.39272645206460405,0.43113012162100844
Atlántico,8,2010,85,3.758308071607707,4.212014210277992,0.41164284722337613,0.3927954420887096,0.4311370787847069
Atlántico,8,2011,74,3.2329276300412375,4.160415824052079,0.4117297577564973,0.39290109924730693,0.4312079980138327
Atlántico,8,2012,91,3.9302726443090297,4.2517599029907265,0.41182926205206694,0.3930189425699837,0.4312904300592746
Atlántico,8,2013,117,4.997149062393891,4.363938396957099,0.41195779754273587,0.3931592013079374,0.43140812797707917
Atlántico,8,2014,89,3.7601942457198216,4.514854891943977,0.41209627785562464,0.3933072956844677,0.4315371799097978
Atlántico,8,2015,101,4.219661365908562,4.547658391778724,0.4122524699465333,0.3934664013183305,0.43169064686746234
Atlántico,8,2016,128,5.273900865496574,4.47647680085681,0.41242165621765353,0.393633951438404,0.43186186797471754
Atlántico,8,2017,138,5.590600337299554,4.522004858321854,0.4126031417697435,0.39381031294301266,0.4320492874421518
Atlántico,8,2018,135,5.324381011127562,4.5592602201664905,0.41280118570233254,0.3939994409108185,0.43225820474732823
Atlántico,8,2019,132,5.059588149524629,4.54690346299658,0.4129980414439732,0.3941814763334337,0.43247300140607087
Atlántico,8,2020,114,4.232587358375399,4.291693523327524,0.4131865247962502,0.39434919972000004,0.4326862836290535
Atlántico,8,2021,104,3.7938259859570076,4.306708661068376,0.4133311238902124,0.39447111748860386,0.4328576720347086
Atlántico,8,2022,125,4.506113714843751,4.206218423338162,0.41344521231416426,0.3945607897900764,0.433001204937385
Atlántico,8,2023,113,4.027944668159739,4.207471658639218,0.4135038324229705,0.39458932174426187,0.43309745016067125
Atlántico,8,2024,127,4.476883243237527,4.134941791526851,0.41352367627593845,0.3945742406784931,0.4331633174639142
"Bogotá, D.C.",11,2008,793,11.392840066937605,11.970625778787992,1.1395744335530336,1.1182533826053274,1.160745078598436
"Bogotá, D.C.",11,2009,758,10.780215999689393,11.603064568002306,1.1396255621894649,1.1186340153721137,1.1605930353116296
"Bogotá, D.C.",11,2010,719,10.131204023849333,11.661914947826482,1.1397264191288918,1.1190041032254983,1.1605054334927694
"Bogotá, D.C.",11,2011,809,11.310483825868321,11.519055449223451,1.1399672797785856,1.119420939337529,1.1606348298053866
"Bogotá, D.C.",11,2012,854,11.867737264417077,11.771963892686694,1.1402429378522958,1.1198644337436006,1.1607812463848475
"Bogotá, D.C.",11,2013,846,11.703791156775878,12.082556927117857,1.1405989470087223,1.1203439802464588,1.1610416458665018
"Bogotá, D.C.",11,2014,962,13.2635704456215,12.500404640393697,1.1409824561996889,1.1208334625470144,1.1613336462520323
"Bogotá, D.C.",11,2015,936,12.86904849472692,12.591229531606508,1.14141499358272,1.1213245658348878,1.1617173136956203
"Bogotá, D.C.",11,2016,928,12.710730349251971,12.394148050459997,1.1418835154912759,1.1218201615276442,1.16216902972045
"Bogotá, D.C.",11,2017,913,12.443016639706798,12.52020407429992,1.1423861093708734,1.1223287489786653,1.1626809766674249
"Bogotá, D.C.",11,2018,958,12.96161198075079,12.62335595324572,1.1429346107496676,1.1228639152909727,1.1632760030161786
"Bogotá, D.C.",11,2019,955,12.677212160247395,12.589145697540097,1.1434798558732437,1.1233582657523762,1.1639199836373466
"Bogotá, D.C.",11,2020,875,11.33777445836536,11.882540728700658,1.1440019383385591,1.1237870769470142,1.1645930464946626
"Bogotá, D.C.",11,2021,933,11.953998247259422,11.924115709918635,1.144402497510699,1.1240699171454462,1.165166006955538
"Bogotá, D.C.",11,2022,974,12.40889842870731,11.645887641614674,1.1447186056384167,1.1242528107296879,1.1656829225280585
"Bogotá, D.C.",11,2023,964,12.22740745476113,11.649360634030346,1.144881215672114,1.124236552124451,1.166122696233056
"Bogotá, D.C.",11,2024,957,12.085378081645127,11.44854876089888,1.1449365457410943,1.1240799886807018,1.166531206794419
Bolívar,13,2008,68,3.6412257436801974,4.13613604592655,0.3937500828058013,0.3734600522938552,0.4148231734221586
Bolívar,13,2009,65,3.442512165308375,4.00913351503455,0.3937676127877053,0.3735107575738554,0.4148117063924416
Bolívar,13,2010,80,4.193025949589345,4.029466715682814,0.3938023636264099,0.37357244937675355,0.41482153902727115
Bolívar,13,2011,62,3.218109443749783,3.980104585443488,0.3938855071496474,0.37367012763805235,0.4148919624382757
Bolívar,13,2012,60,3.0859451144088434,4.067489858983641,0.3939807009918905,0.3737793389497009,0.41497381081494505
Bolívar,13,2013,68,3.467176545570427,4.1748066130944546,0.3941036699089196,0.3739103510003762,0.41508922044065993
Bolívar,13,2014,77,3.8938486294158516,4.319182498401716,0.3942361545542649,0.374048935369355,0.4152155942239309
Bolívar,13,2015,59,2.95923280635583,4.350564391849623,0.3943855852154149,0.3741985333039722,0.41536496213961216
Bolívar,13,2016,83,4.123178722410718,4.282467893277942,0.394547448767424,0.37435647212050227,0.4155311086202973
Bolívar,13,2017,79,3.880708017984871,4.326022903545576,0.39472107998423783,0.3745229960840757,0.4157126036505628
Bolívar,13,2018,98,4.734109695118505,4.361663773233101,0.39491055352830573,0.3747018072683937,0.41591447475720145
Bolívar,13,2019,96,4.5531897940250765,4.349842689609218,0.3950988900507789,0.374874483908834,0.41612122055008105
Bolívar,13,2020,96,4.462084137244411,4.105693556971957,0.39527921634261926,0.37503424500448856,0.4163256712339863
Bolívar,13,2021,119,5.465354246809886,4.120058033713872,0.39541755702262865,0.37515111063083423,0.41648912776219293
Bolívar,13,2022,97,4.418580815615355,4.0239230432889865,0.3955267058262135,0.37523779687061537,0.4166250643923741
Bolívar,13,2023,133,6.015434791556139,4.025121962695695,0.395582785240398,0.3752673445582527,0.4167139724791735
Bolívar,13,2024,100,4.489980832271827,3.9557354405815,0.3956017627905364,0.37525621146601634,0.4167720902202772
Boyacá,15,2008,220,19.05179229736037,15.221294356768366,1.449030168940302,1.3971453652852905,1.5021720073161786
Boyacá,15,2009,217,18.709315859809458,14.753916496474043,1.4490947872649387,1.3973988446387953,1.5020881819479779
Boyacá,15,2010,193,16.5636231938785,14.828745010122724,1.4492227499663342,1.3976806210591086,1.5020852405193266
Boyacá,15,2011,188,16.05959133465455,14.647089299966147,1.449528793359708,1.3980785362657195,1.5023175003954126
Boyacá,15,2012,188,15.985456635622569,14.968674368394234,1.4498791699637823,1.3985180555029795,1.5025880737096888
Boyacá,15,2013,164,13.87972037441392,15.363608783088852,1.4503317556001094,1.399030586791247,1.5029870607948979
Boyacá,15,2014,197,16.59298091638738,15.894923605621873,1.4508193533227642,1.399568102542725,1.5034269004670437
Boyacá,15,2015,186,15.588255506593162,16.010411853026962,1.4513693119966369,1.4001376623930817,1.5039587138798034
Boyacá,15,2016,191,15.91695847757209,15.759811994701145,1.4519650282314498,1.4007322143884289,1.5045579785370506
Boyacá,15,2017,174,14.407969097390417,15.920098362435278,1.4526040567019263,1.401354554510386,1.5052183337443161
Boyacá,15,2018,182,14.93327206862741,16.051260270280405,1.453301402337271,1.4020187735982754,1.5059600820199517
Boyacá,15,2019,165,13.377329884954964,16.00775861320218,1.4539945721221408,1.4026524638594715,1.5067303025054244
Boyacá,15,2020,169,13.531073830823145,15.109271687641534,1.454658266459477,1.4032296866047824,1.5075027578192308
Boyacá,15,2021,183,14.521193404045462,15.162134784002383,1.4551674385357478,1.403642457656321,1.5081306641033982
Boyacá,15,2022,164,12.93001158182135,14.808351178679414,1.4555691789854528,1.4039398760321102,1.5086637230818971
Boyacá,15,2023,187,14.663377469838139,14.812764094356295,1.4557756340953447,1.4040147376241887,1.5090418017638567
Boyacá,15,2024,178,13.871300824095542,14.557417264285869,1.455845573581206,1.403931611294698,1.5093234596769882
Caldas,17,2008,154,15.590847565043699,14.82724009229519,1.4115171622249882,1.3557710695385503,1.4688185077688987
Caldas,17,2009,145,14.71125360172071,14.371961594497709,1.4115800800645508,1.3559966908346215,1.4687495795216832
Caldas,17,2010,163,16.559924576147207,14.444852819449602,1.411704720228948,1.3562528656064794,1.4687594251133909
Caldas,17,2011,133,13.523159172667357,14.267899905743038,1.4120028430629281,1.3566265246296296,1.4689954421841795
Caldas,17,2012,149,15.159161016742225,14.581159765187193,1.4123441593530237,1.3570407665188484,1.4692702491455523
Caldas,17,2013,156,15.876844538212817,14.965870142830871,1.412785044502498,1.3575281820655662,1.4696689755816368
Caldas,17,2014,154,15.66739543793931,15.483430305564534,1.4132600382673153,1.3580409187732745,1.4701074093014574
Caldas,17,2015,148,15.035149741964322,15.595928975487734,1.4137957795771843,1.3585876047917302,1.4706331907254269
Caldas,17,2016,126,12.763190149248288,15.351816923846211,1.4143760915885917,1.3591606571021289,1.4712227670821638
Caldas,17,2017,143,14.424585141870335,15.507953910858674,1.4149985916678653,1.3597621563605,1.4718703066316394
Caldas,17,2018,157,15.72753892065006,15.635720347796205,1.4156778922885576,1.3604057307641384,1.472594901117511
Caldas,17,2019,181,17.892695233030114,15.59334486309146,1.416353116011176,1.3610225524573367,1.473343401376447
Caldas,17,2020,173,16.867385301779947,14.71811817511339,1.4169996220048184,1.3615874033227224,1.47409045548957
Caldas,17,2021,140,13.52387833919046,14.769612670292487,1.4174956062434687,1.3619941306250478,1.4746947451631978
Caldas,17,2022,142,13.637690735590146,14.424987819147526,1.4178869357867405,1.3622899973492848,1.4752043738729765
Caldas,17,2023,153,14.647175392745341,14.429286295317345,1.4180880268060267,1.3623727202977098,1.4755574351367116
Caldas,17,2024,123,11.712880168665475,14.18054960304323,1.4181561190244525,1.362304568569894,1.4758106519827736
Caquetá,18,2008,42,10.869790264808795,11.168707088227238,1.0632337263553613,0.9894007619888002,1.1410359529657064
Caquetá,18,2009,50,12.868290473347198,10.825764977505516,1.0632810346193613,0.9895095795714783,1.1410250374121405
Caquetá,18,2010,36,9.215528164957954,10.880670097440536,1.0633748593913366,0.9896516777284555,1.1410711669927978
Caquetá,18,2011,35,8.91467635904241,10.747378748270052,1.0635993697939468,0.9898958414055421,1.1412775384036622
Caquetá,18,2012,31,7.860459101524168,10.9833431291499,1.0638564262673296,0.9901706754626577,1.1415166850321026
Caquetá,18,2013,45,11.365157457942603,11.273128074647873,1.064188489985867,0.9905063349075224,1.1418453759414118
Caquetá,18,2014,34,8.555977482680436,11.662982946314905,1.0645462536229033,0.9908631384810095,1.142203827615147
Caquetá,18,2015,47,11.787572888582355,11.747722965063035,1.0649497810455804,0.9912525664961788,1.1426220057684648
Caquetá,18,2016,41,10.25043564351485,11.563843945605095,1.0653868844748855,0.9916663658244209,1.1430838389890021
Caquetá,18,2017,59,14.709585414074828,11.681454803706423,1.065855766072572,0.9921045290362913,1.1435858688948828
Caquetá,18,2018,31,7.70981260181305,11.777695320816811,1.0663674277175725,0.9925767610615824,1.1441413251899752
Caquetá,18,2019,54,13.296857263162043,11.745775373203186,1.0668760099817007,0.9930364796598854,1.1447051934810077
Caquetá,18,2020,57,13.883239519980904,11.086505519201337,1.0673629565378593,0.9934658031600933,1.1452578425547206
Caquetá,18,2021,60,14.459677982971318,11.125293621155116,1.0677365194468276,0.9937841970570623,1.1456947442372518
Caquetá,18,2022,40,9.552831937027731,10.865702569280499,1.068031246492776,0.9940245202062289,1.146052952336504
Caquetá,18,2023,57,13.498440574891479,10.868939792608543,1.0681826577226958,0.9941181381513595,1.1462744914844374
Caquetá,18,2024,51,11.976694761017972,10.68157669513892,1.0682338678741596,0.9941073998342649,1.1464042378464283
Cauca,19,2008,213,16.07446476937671,14.847576299196739,1.4134531196167497,1.366185810742752,1.4617397632817564
Cauca,19,2009,186,13.89090116101048,14.391673921877393,1.413516178242793,1.366449625656952,1.4616489053062396
Cauca,19,2010,210,15.521729682425411,14.464665302667244,1.4136410069067975,1.3667393219450656,1.4616362651196781
Cauca,19,2011,178,13.02351989159749,14.287469590793997,1.4139395296890152,1.3671394187387487,1.4618546876241738
Cauca,19,2012,195,14.127803735101507,14.601158845316988,1.4142812881184041,1.3675803782090816,1.4621089862092802
Cauca,19,2013,211,15.142109776707704,14.986396465612911,1.414722738840905,1.3680912098031022,1.4624891095746455
Cauca,19,2014,198,14.075145638659734,15.504665967144577,1.4151983369068912,1.3686258777977407,1.4629088200001992
Cauca,19,2015,250,17.601753979580558,15.617318353947963,1.4157347607717243,1.369189916630944,1.4634196142314124
Cauca,19,2016,213,14.849466151234491,15.372870958209255,1.4163158178752124,1.3697769017966024,1.4639974146065837
Cauca,19,2017,218,15.046551130320386,15.529221554704757,1.4169391240078042,1.3703900402972977,1.4646357984186649
Cauca,19,2018,257,17.54862745151594,15.657162815165261,1.4176193203990168,1.3710429324628088,1.4653553198882714
Cauca,19,2019,245,16.471950285637064,15.614728937569652,1.4182954446639517,1.371664236008407,1.4661049353424924
Cauca,19,2020,229,15.156489095270116,14.738301833867602,1.418942821297358,1.3722279226230139,1.4668595617863232
Cauca,19,2021,231,15.078978598294704,14.7898667909726,1.4194394708331022,1.3726294119211953,1.4674747829900014
Cauca,19,2022,219,14.130317661154983,14.44476931913707,1.4198313346837856,1.3729167135255704,1.4679998031631887
Cauca,19,2023,199,12.709604692973631,14.449073913129387,1.4200327233990504,1.3729832829148587,1.4683789132310825
Cauca,19,2024,212,13.391489455781239,14.19999672477048,1.420100969925647,1.3728926811955577,1.468669534784645
Cesar,20,2008,40,4.023108736582932,4.715098131550785,0.4488658639659673,0.42067776679602176,0.47841034014902967
Cesar,20,2009,41,4.057369221588767,4.570318175890153,0.44888584305105544,0.4207271516964082,0.4784033613820289
Cesar,20,2010,45,4.38131456962347,4.593497465455304,0.4489254501514574,0.42079063551722246,0.47842001853024974
Cesar,20,2011,41,3.9281286586686135,4.537225658232409,0.44902021820769067,0.42089715661387295,0.47850411536374854
Cesar,20,2012,48,4.525492665873449,4.636842650738366,0.4491287209707938,0.42101698108559854,0.47860151728767375
Cesar,20,2013,46,4.267030786627125,4.759181014933654,0.44926888298568807,0.4211625834885432,0.4787364582455424
Cesar,20,2014,62,5.658385042150406,4.9237658735539105,0.44941989013747735,0.42131725169380513,0.47888367308305124
Cesar,20,2015,65,5.833420834645853,4.959540206892392,0.44959021191801357,0.4214855940040542,0.4790560642692179
Cesar,20,2016,51,4.488255291961007,4.8819114954150145,0.44977470319106544,0.4216642362659314,0.47924676011797873
Cesar,20,2017,41,3.5271396188108377,4.931562809502162,0.4499726056885605,0.4218532179075323,0.4794542797129944
Cesar,20,2018,73,6.080348895417166,4.972192130753999,0.4501885630559833,0.42205672275225264,0.47968417042307965
Cesar,20,2019,66,5.2750414610266345,4.958715917807697,0.4504032203010449,0.4222544275296823,0.479918103630598
Cesar,20,2020,67,5.123252454764357,4.680391351005787,0.4506087460572199,0.42243857801118023,0.48014804528173005
Cesar,20,2021,67,4.972369950261458,4.69676613514716,0.4507664153925558,0.42257465078674494,0.48033040632726554
Cesar,20,2022,57,4.132593913196677,4.587174278581506,0.45089081275647536,0.4226768326781531,0.4804807323609003
Cesar,20,2023,60,4.25487555552719,4.588540806827202,0.45095472121751334,0.4227152764406515,0.48057550464854326
Cesar,20,2024,79,5.484267787771333,4.509441739382508,0.4509763426036146,0.42270827188373816,0.4806335373400755
Córdoba,23,2008,43,2.688963804671168,3.4854016290577925,0.3318017504295001,0.3119517742808598,0.3525576263798145
Córdoba,23,2009,49,3.0277265604531953,3.378380228319206,0.33181651661281036,0.3119897897227793,0.35255121146173873
Córdoba,23,2010,40,2.4430315578601487,3.395514390669892,0.3318457967574261,0.31203773715161104,0.35256265033421125
Córdoba,23,2011,54,3.2612279852012724,3.3539183235294434,0.3319158558379162,0.3121170183871962,0.3526243865903801
Córdoba,23,2012,55,3.285757555300793,3.427555329154946,0.331996070816605,0.3122059552322684,0.35269608700034544
Córdoba,23,2013,52,3.0739964140649523,3.517988012432734,0.33209969104836184,0.31231368746102384,0.35279578092075137
Córdoba,23,2014,61,3.569332528965719,3.6396493553548193,0.33221133080437354,0.3124279245578448,0.35290473700027347
Córdoba,23,2015,64,3.7073789004956876,3.6660939527044363,0.33233725070262304,0.31255197195234863,0.35303261315233275
Córdoba,23,2016,50,2.8665549856844246,3.6087110125430133,0.33247364809731805,0.3126833594971102,0.35317433809108945
Córdoba,23,2017,69,3.9136656697217838,3.645413550462453,0.3326199619628423,0.31282218532353867,0.3533287600014883
Córdoba,23,2018,73,4.0901995457077,3.6754470740581975,0.3327796258363135,0.3129715137337459,0.35350005857626104
Córdoba,23,2019,65,3.568998906788181,3.6654857677094093,0.332938329420143,0.3131163772474046,0.35367460816344654
Córdoba,23,2020,62,3.3336738699114425,3.4597483707349843,0.33309028200716223,0.3132511022847708,0.35384638012728414
Córdoba,23,2021,75,3.9664449335805574,3.4718528542874854,0.3332068535808731,0.3133504092777592,0.3539828528310534
Córdoba,23,2022,87,4.536585213235148,3.3908426415663095,0.33329882444709064,0.3134248528542792,0.3540954394825768
Córdoba,23,2023,85,4.37298810392895,3.391852876915373,0.33334607512792996,0.3134522203255403,0.35416697085891036
Córdoba,23,2024,65,3.3009870459111434,3.33338280462537,0.3333620595647338,0.3134461598671941,0.35421122795587173
Cundinamarca,25,2008,292,14.447992669128103,12.121345907068049,1.1539226228610764,1.1217979963253089,1.1864759769614186
Cundinamarca,25,2009,281,13.547065204290709,11.749154806174513,1.1539741998990676,1.1220544039617162,1.1863828278937105
Cundinamarca,25,2010,302,14.146683305414713,11.808744267017765,1.1540761425605657,1.1223309502911714,1.18634894448153
Cundinamarca,25,2011,316,14.349990826904596,11.664084075777902,1.1543198358220976,1.1226930050946469,1.1865051366432784
Cundinamarca,25,2012,308,13.531936468436978,11.920174900255905,1.1545987884336721,1.1230917394527051,1.1866843532721545
Cundinamarca,25,2013,306,12.98073802707205,12.234676392964465,1.1549590947498642,1.1235463039697735,1.1869652468606462
Cundinamarca,25,2014,299,12.223349622956675,12.657782794907657,1.155347248256841,1.124021103158723,1.1872751206746175
Cundinamarca,25,2015,354,13.918716269721132,12.749748969644006,1.1557850328942996,1.1245167735680759,1.1876604434231415
Cundinamarca,25,2016,333,12.55620125516765,12.55018392709413,1.1562592349540697,1.1250290611877571,1.1881009918131638
Cundinamarca,25,2017,379,13.666103555891299,12.67782430203104,1.1567679163803546,1.1255609405033185,1.1885917822562087
Cundinamarca,25,2018,381,12.959888973549582,12.782271611990199,1.1573230354476536,1.1261238394512136,1.1891507754742967
Cundinamarca,25,2019,350,11.466683877613134,12.747627584960995,1.1578748632979317,1.1266510346544834,1.1897447962563672
Cundinamarca,25,2020,344,10.893170298884527,12.03212453380633,1.1584032492107044,1.1271215732311382,1.1903529734611595
Cundinamarca,25,2021,318,9.806739388676238,12.074220358154419,1.1588086084968667,1.1274517530643637,1.1908545414626732
Cundinamarca,25,2022,346,10.432423973710291,11.792487513066838,1.159128464774944,1.127681863767717,1.191291875011826
Cundinamarca,25,2023,337,9.945453466934909,11.796001728884201,1.1592928765535995,1.127720281049895,1.1916265234199934
Cundinamarca,25,2024,357,10.308968745054871,11.592659725066325,1.1593486701913847,1.12762002119861,1.1919070835934433
Chocó,27,2008,12,2.743270984880005,2.5643520796633332,0.24412007547601758,0.213908994839356,0.2773703979274967
Chocó,27,2009,10,2.2293859825126963,2.4856119264364076,0.2441309252782714,0.21392620806588003,0.27737414949224753
Chocó,27,2010,7,1.5235508310969783,2.4982181157265737,0.24415245694881738,0.2139517080349936,0.2773910582767494
Chocó,27,2011,10,2.127265803989474,2.4676140847904167,0.24420399121973946,0.21400128892139839,0.2774445921812283
Chocó,27,2012,13,2.7061289657799583,2.521791726830298,0.24426299922980255,0.2140575058337384,0.27750639102965485
Chocó,27,2013,12,2.4472914601764497,2.5883266305662254,0.2443392277931267,0.214127794846159,0.2775889085745906
Chocó,27,2014,17,3.4003672396618834,2.677837735695871,0.24442135793791875,0.21420293244103905,0.27767845170555994
Chocó,27,2015,12,2.3564527531223,2.6972940215281724,0.24451399528100526,0.21428609822600186,0.27778131540719303
Chocó,27,2016,12,2.3155562931031155,2.655075000376365,0.24461434242833993,0.2143751711000755,0.2778939556798411
Chocó,27,2017,9,1.7081429070314755,2.6820784882414297,0.24472198624132768,0.2144699828398352,0.2780156907466276
Chocó,27,2018,16,2.9917334664654724,2.7041753167712357,0.24483945271923602,0.2145726526825287,0.2781495667933616
Chocó,27,2019,15,2.7506785006968384,2.69684633443495,0.2449562132253764,0.21467347274834553,0.2782841986156355
Chocó,27,2020,9,1.619325389042925,2.5454769620529167,0.24506800734552253,0.21476865201027315,0.278414791039988
Chocó,27,2021,16,2.8349593006155405,2.55438268754129,0.24515377058851856,0.21484031678342586,0.2785166641460769
Chocó,27,2022,14,2.4464489793065365,2.4947801562185785,0.2452214334952119,0.21489552288336952,0.27859876247851556
Chocó,27,2023,15,2.5886974019832873,2.495523364576009,0.24525619157396436,0.21492019198266815,0.2786457351552203
Chocó,27,2024,26,4.435891136407065,2.4525044688001096,0.24526794212667777,0.21492328259825114,0.2786685666462573
Huila,41,2008,154,15.75402443715167,16.25701997146119,1.5476287261495179,1.4909367860455391,1.6057337864918868
Huila,41,2009,161,16.272899557801644,15.757839506312804,1.5476977311490487,1.4912029190964387,1.6056473206197273
Huila,41,2010,140,13.980818317268707,15.837759460017205,1.5478343785858586,1.4915019749421066,1.6056454614494458
Huila,41,2011,150,14.801394883453815,15.643742740926982,1.5481612130908484,1.491927609665667,1.6058924789016553
Huila,41,2012,154,15.018763702183769,15.987209472474468,1.5485353899428163,1.4923986919650947,1.6061797692608997
Huila,41,2013,155,14.943331032381716,16.409016487762166,1.5490187251163885,1.4929488974301797,1.6066031203798157
Huila,41,2014,185,17.6322298099055,16.976483758061853,1.5495394503723432,1.493526418831613,1.607069493965111
Huila,41,2015,171,16.110721166755386,17.099829736996185,1.5501267767794247,1.4941390446601095,1.6076331135484403
Huila,41,2016,219,20.39265640888114,16.832177376755403,1.5507629728231973,1.4947787352896684,1.6082681463955855
Huila,41,2017,213,19.601455477088383,17.003369704902582,1.5514454275749792,1.4954482675642167,1.6089680094542533
Huila,41,2018,190,17.26701346100018,17.14345582992051,1.5521901694324274,1.4961622456659052,1.6097545891784164
Huila,41,2019,186,16.640036643865642,17.096993541189725,1.5529304513621969,1.4968439910386855,1.6105708412417892
Huila,41,2020,164,14.44429961000391,16.137369294100836,1.553639257263056,1.497465333698453,1.6113892436415689
Huila,41,2021,174,15.110961352413673,16.19382892975069,1.5541830289396072,1.497911248321364,1.6120530263454589
Huila,41,2022,189,16.207274751038252,15.815972042668733,1.5546120674224315,1.4982332208058187,1.6126159721240347
Huila,41,2023,217,18.39166967544212,15.820684929049758,1.5548325408885093,1.4983173616042877,1.6130131413751116
Huila,41,2024,178,14.898464453770401,15.547963119304095,1.5549072252654914,1.498231436695646,1.6133079783969098
La Guajira,44,2008,11,1.5916815826524071,2.017119545531655,0.19202487037738838,0.17095595687008128,0.2149404127942004
La Guajira,44,2009,11,1.5559953206977084,1.955182556418534,0.19203340694889634,0.17097047352650327,0.21494246564629366
La Guajira,44,2010,8,1.1066338549728667,1.9650986329492672,0.19205034835070323,0.17099146116534042,0.2149549463567075
La Guajira,44,2011,17,2.301206238164016,1.9410255112859416,0.19209088643033148,0.17103153087034306,0.21499593766941533
La Guajira,44,2012,17,2.252926816985478,1.9836416867832602,0.1921373056528985,0.1710768765371718,0.21504341789297352
La Guajira,44,2013,18,2.3357937027001774,2.035978065368199,0.19219726846722693,0.1711334074884428,0.21510698914438936
La Guajira,44,2014,10,1.2712650867384168,2.1063875340681837,0.19226187403272965,0.17119377882654543,0.21517607179136375
La Guajira,44,2015,18,2.2413372315998665,2.12169185346255,0.19233474278468488,0.17126048854582315,0.215255555381033
La Guajira,44,2016,14,1.7017138689680322,2.088482351042641,0.19241367452937164,0.17133188329521046,0.21534267161881507
La Guajira,44,2017,19,2.245831028401488,2.109723264528384,0.19249834409336988,0.1714078469990094,0.21543685528033607
La Guajira,44,2018,26,2.9526933105597397,2.1271045609328127,0.19259073675637672,0.17149011399771144,0.21554042310858343
La Guajira,44,2019,13,1.4160263685894852,2.121339518352277,0.19268257473401534,0.17157075739975428,0.21564476818173484
La Guajira,44,2020,22,2.2920749425158022,2.0022722795261405,0.19277050431872952,0.17164679851885095,0.215746079446213
La Guajira,44,2021,28,2.8381072662641285,2.0092774852875706,0.19283796201695888,0.17170385611720565,0.21582537896063825
La Guajira,44,2022,27,2.679687965223605,1.9623940840048189,0.19289118087727128,0.17174771620681029,0.21588939202451124
La Guajira,44,2023,14,1.36198164437881,1.9629786991172806,0.192918522310896,0.1717668611820339,0.21592665213920345
La Guajira,44,2024,16,1.5269229925018537,1.9291400270869048,0.19292776446980367,0.1717686521416725,0.2159453598462034
Magdalena,47,2008,46,3.9915933572944633,4.539060305168223,0.4321074914304818,0.40591310859763496,0.4595146645473727
Magdalena,47,2009,46,3.9303272595536853,4.399685677464535,0.43212672257849155,0.40596209288108864,0.45950679064266564
Magdalena,47,2010,30,2.525252525252525,4.421999578727442,0.4321648518103636,0.40602429262821266,0.4595219083489497
Magdalena,47,2011,50,4.149456794611017,4.367828713521254,0.4322560854959067,0.4061275202420289,0.45960230999020235
Magdalena,47,2012,67,5.485423102145947,4.463726572006404,0.4323605429503505,0.4062434537872085,0.4596955599949788
Magdalena,47,2013,73,5.898784931109465,4.581497526538896,0.43249547972457547,0.40638398992522995,0.45982514074378983
Magdalena,47,2014,69,5.505856555679769,4.739937731473023,0.43264085848978895,0.4065331177528063,0.4599666530237018
Magdalena,47,2015,80,6.304275875112295,4.774376560235949,0.43280483269594566,0.4066951690952974,0.4601326444214252
Magdalena,47,2016,67,5.204037090026735,4.699646248841274,0.4329824493255985,0.40686694805355844,0.4603164674748294
Magdalena,47,2017,49,3.7425749985297028,4.747444004546993,0.4331729781420334,0.4070485462272803,0.46051665733427594
Magdalena,47,2018,56,4.173507617024035,4.786556626430147,0.43338088975091843,0.40724399437112024,0.46073858852867855
Magdalena,47,2019,57,4.118312618943371,4.773583745049178,0.43358755104838265,0.40743364947751065,0.4609646927351367
Magdalena,47,2020,70,4.885907089590784,4.505650528434133,0.4337854214591391,0.4076100973749284,0.4611871571426925
Magdalena,47,2021,70,4.784286761946877,4.52141413025421,0.4339372200689916,0.4077401843261965,0.46136391023065926
Magdalena,47,2022,55,3.7027212981875515,4.415913978646074,0.43405698627829686,0.40783763510453036,0.4615098394464792
Magdalena,47,2023,66,4.38239155074909,4.417229573141097,0.43411851709933247,0.40787366873210973,0.46160241069578556
Magdalena,47,2024,71,4.651866741708048,4.34108366890388,0.4341393345524472,0.40786597065062163,0.4616596487667911
Meta,50,2008,103,12.027300805128533,9.677360399425758,0.9212611520281558,0.8768780124881659,0.9672254436887447
Meta,50,2009,75,8.558097500693206,9.38021131042747,0.921302171978033,0.8770037933354274,0.9671938784154129
Meta,50,2010,98,10.937084976686153,9.427785033892647,0.9213834713310155,0.877155084157865,0.9672116128052881
Meta,50,2011,102,11.1441672848766,9.312291735345145,0.9215779822261089,0.8773899954765358,0.9673711677522695
Meta,50,2012,82,8.779762860746537,9.516747690092114,0.9218006820162855,0.8776522585068298,0.9675567304637367
Meta,50,2013,84,8.822593401330321,9.767837455046546,0.9220883611790306,0.8779652576474808,0.9678207497299068
Meta,50,2014,111,11.445564482866713,10.10563480199665,0.922398302258162,0.8782958021579951,0.9681103135018276
Meta,50,2015,97,9.82545136300282,10.179058930394541,0.9227478900729731,0.8786513697331875,0.9684541899808106
Meta,50,2016,84,8.361262271894313,10.019732499476497,0.9231265694264298,0.8790256888849977,0.9688379839160756
Meta,50,2017,114,11.155220985906258,10.121638234295391,0.9235327838362518,0.8794195292922281,0.9692582194859667
Meta,50,2018,78,7.502156870100153,10.205027243550747,0.9239760712996815,0.8798413182048597,0.9697271124913973
Meta,50,2019,88,8.283483393027755,10.177369071697596,0.9244166998200324,0.8802478019891581,0.9702084986102492
Meta,50,2020,120,11.037568202973521,9.606130772783805,0.9248385909130423,0.8806227710053823,0.9706859280352695
Meta,50,2021,105,9.506056263178337,9.639739295422133,0.9251622504683318,0.8808962685761096,0.9710685266890601
Meta,50,2022,100,8.941752529845335,9.41481121896111,0.9254176154342357,0.8810981594710694,0.9713880043027049
Meta,50,2023,111,9.81257105273859,9.417616322564477,0.9255488230499461,0.8811642894456185,0.9716000970201847
Meta,50,2024,111,9.700372109769761,9.255272121018196,0.9255932357404247,0.8811334634044014,0.9717428299041996
Nariño,52,2008,218,14.0683917440482,14.38672409834418,1.3695811119670878,1.3255120020914584,1.4145449023341434
Nariño,52,2009,234,15.00243308690448,13.944972551093693,1.369642225992795,1.3257766515411316,1.4144513386569038
Nariño,52,2010,230,14.655160878621496,14.015698534161855,1.369763196987434,1.326063403211152,1.4144349372752847
Nariño,52,2011,220,13.936761312057389,13.844003030496,1.3700524791713657,1.3264537204370421,1.4146453776645864
Nariño,52,2012,228,14.367227597679818,14.147956022410714,1.3703836578721338,1.3268826831837837,1.4148906830861165
Nariño,52,2013,223,13.986856118528257,14.521236669565857,1.3708114395387447,1.3273776557662387,1.415259367398726
Nariño,52,2014,244,15.236039978369819,15.02342010072357,1.3712723115900263,1.327894856568315,1.4156669886675015
Nariño,52,2015,251,15.602408365377322,15.132576334961627,1.3717921253760554,1.3284389740818747,1.416164431191385
Nariño,52,2016,242,14.977407014749033,14.895716753810689,1.372355190800901,1.3290043257905364,1.4167280398390107
Nariño,52,2017,218,13.440329867618916,15.047214948121134,1.3729591977447484,1.3295943457922437,1.4173513939522802
Nariño,52,2018,248,15.209144129944965,15.171185638656057,1.3736183323001305,1.3302226179823364,1.4180544273699627
Nariño,52,2019,249,15.130266122544217,15.130069434516184,1.3742735235571477,1.330819452442623,1.4187881396365596
Nariño,52,2020,252,15.171181497901319,14.280845942444724,1.37490085767689,1.3313598582757773,1.4195277909098123
Nariño,52,2021,248,14.818488454425678,14.330810871392401,1.3753821374723014,1.3317430346145185,1.4201324515847562
Nariño,52,2022,228,13.536925526722959,13.996425099441183,1.3757618755055618,1.3320160941142327,1.4206494006323354
Nariño,52,2023,217,12.80872268111947,14.000596373419013,1.3759570417375744,1.332075287388192,1.4210257755414901
Nariño,52,2024,235,13.787980753152313,13.759250360867233,1.3760231894161365,1.331982608616843,1.4213169893985655
Norte de Santander,54,2008,168,12.54028941196493,13.197607516209569,1.2563801080633663,1.2125562696450578,1.301212801823686
Norte de Santander,54,2009,164,12.128105331115764,12.792368245747069,1.2564361568750742,1.2127810891142108,1.301138527843277
Norte de Santander,54,2010,188,13.784112930011167,12.857248246142449,1.2565471081709685,1.2130311329893213,1.3011326205509357
Norte de Santander,54,2011,194,14.116749887575368,12.699743751683394,1.2568124532699931,1.2133815087736088,1.301330506171707
Norte de Santander,54,2012,201,14.52621765477468,12.978573539948336,1.2571162260798672,1.2137689268813632,1.3015601791825413
Norte de Santander,54,2013,196,14.073301797648895,13.321000717112312,1.2575086120173622,1.214219730689894,1.301900851150529
Norte de Santander,54,2014,190,13.5615964140284,13.781676257171199,1.257931345329705,1.2146928449894372,1.3022759296444864
Norte de Santander,54,2015,202,14.327257252287396,13.881809695497559,1.2584081391518596,1.2151939512021763,1.3027302752386407
Norte de Santander,54,2016,185,12.984633914038916,13.66452669113351,1.2589245918372582,1.215717680477604,1.3032417841611694
Norte de Santander,54,2017,184,12.718178977956079,13.803501968509043,1.2594785848472658,1.2162664656142808,1.3038050188539656
Norte de Santander,54,2018,186,12.468827930174562,13.91722468362718,1.2600831217476065,1.2168531571384704,1.3044368880665043
Norte de Santander,54,2019,216,13.977488478278595,13.879505511194193,1.2606840323274189,1.2174129693436744,1.3050935243931077
Norte de Santander,54,2020,226,14.055451867229467,13.100472603629079,1.2612593883649716,1.2179224583943369,1.305753137078486
Norte de Santander,54,2021,199,12.13214897547355,13.146306704241555,1.261700791184149,1.2182858671119212,1.30629083168668
Norte de Santander,54,2022,219,13.194249476146123,12.839558662447779,1.2620490718603632,1.2185462205219353,1.306749788995851
Norte de Santander,54,2023,218,12.991207693655404,12.843384634757879,1.2622280549056135,1.2186104670152107,1.3070783636674561
Norte de Santander,54,2024,206,12.153607438479737,12.621986641297298,1.2622887046464846,1.2185342177215377,1.3073280847026847
Quindio,63,2008,89,17.290786342221576,19.232208544241775,1.8308594356540937,1.744886391797235,1.9198139528655698
Quindio,63,2009,101,19.581043223698877,18.641672417906364,1.8309409798506395,1.7451396540698922,1.9197490511366464
Quindio,63,2010,127,24.548320566273702,18.736218120931134,1.8311026004324125,1.7454400860906545,1.9197846575413144
Quindio,63,2011,123,23.695358599392396,18.506694490890958,1.83148924575205,1.7459029110640347,1.9201059929527975
Quindio,63,2012,98,18.820926565737846,18.91301911035454,1.8319319249224637,1.7464188774283995,1.920479839189857
Quindio,63,2013,103,19.725867890308855,19.412021214783334,1.8325037564854565,1.7470340645077256,1.9210113989346724
Quindio,63,2014,93,17.749107773345802,20.08334095147765,1.8331198346544941,1.7476836860617884,1.9215942237098862
Quindio,63,2015,97,18.424111653915407,20.22926109967012,1.8338147096995296,1.7483822498919206,1.9222860563364863
Quindio,63,2016,123,23.212321024512587,19.912626493573907,1.8345673983056052,1.7491180448471122,1.9230575872450382
Quindio,63,2017,96,17.97867279939172,20.11514931596002,1.8353748093965199,1.74989256809912,1.923901984947164
Quindio,63,2018,108,20.003037498286776,20.280873066219385,1.8362558933975794,1.750723061349986,1.9248431992062105
Quindio,63,2019,116,21.319257722257856,20.22590824435451,1.8371317005791037,1.7515222444082774,1.9258106955388143
Quindio,63,2020,101,18.40851968162374,19.09066387484201,1.837970260370176,1.7522590841127228,1.926770373181244
Quindio,63,2021,96,17.373333019648154,19.15745649881895,1.8386135791155094,1.7527954146303888,1.9275404293049028
Quindio,63,2022,85,15.326886424165272,18.710448277370883,1.8391211492035424,1.7531907814720185,1.928183567261955
Quindio,63,2023,101,18.19426430321372,18.716023447518367,1.8393819498168693,1.7533173784326477,1.9286124387899326
Quindio,63,2024,97,17.418474357132595,18.39339008749556,1.8394702202929858,1.7532534375342403,1.9289013690044967
Risaralda,66,2008,125,13.985278536401442,16.21278319523683,1.5434174927403659,1.4830850645658016,1.6054072492704536
Risaralda,66,2009,139,15.476670311292626,15.714960803230595,1.5434862863346526,1.48333488823237,1.605329800841024
Risaralda,66,2010,142,15.72546439954197,15.794663292852974,1.543622562559073,1.4836184942467758,1.6053379733517394
Risaralda,66,2011,133,14.649254980746694,15.601174674784605,1.5439485237102246,1.4840307557051535,1.605592992871973
Risaralda,66,2012,172,18.85785018315139,15.943707118630387,1.5443217130913707,1.4844874958992738,1.605890212579016
Risaralda,66,2013,150,16.386046516708852,16.364366790361352,1.5448037730870436,1.485024120237903,1.6063228554897784
Risaralda,66,2014,157,17.08443738336063,16.930290477898794,1.5453231290790268,1.4855882373452507,1.606798956108369
Risaralda,66,2015,142,15.377234978228218,17.053301392371687,1.5459089082982191,1.486189164070032,1.607370716697387
Risaralda,66,2016,152,16.360869106588908,16.78637786604539,1.5465434245263392,1.4868185131758882,1.608012543319692
Risaralda,66,2017,146,15.61223485934018,16.957104939607554,1.5472240726423676,1.4874786203057657,1.6087180313915714
Risaralda,66,2018,152,16.112055103228453,17.096810386619335,1.5479668320108946,1.4881843108284738,1.60950823225673
Risaralda,66,2019,156,16.314373799952314,17.05047493182219,1.5487051374280352,1.488860080034156,1.610325287055161
Risaralda,66,2020,147,15.157748857755355,16.0934620029054,1.5494120446339041,1.4894784180733878,1.6111414155250046
Risaralda,66,2021,181,18.469708147998485,16.149768323968907,1.549954365907047,1.4899234634724983,1.6118018122589568
Risaralda,66,2022,171,17.325298177500212,15.772939720639565,1.5503822567642391,1.4902468361201184,1.612359304042984
Risaralda,66,2023,167,16.84591935343949,15.7776398594333,1.5506021377634474,1.4903362794957247,1.6127467101062463
Risaralda,66,2024,167,16.734640706261963,15.505659874638514,1.550676599023459,1.4902599420892995,1.6130261453609043
Santander,68,2008,210,10.759315646043108,11.701408652996342,1.1139456185440109,1.0792616446401415,1.1492834111056915
Santander,68,2009,196,9.927941380571424,11.342111238875011,1.1139953433219414,1.079483737777117,1.14920431136813
Santander,68,2010,247,12.372567563235341,11.399636082408357,1.1140937375810038,1.0797239836328658,1.1491867791028205
Santander,68,2011,220,10.903612069307323,11.259987849003705,1.1143290155300027,1.080047928320201,1.1493536847176102
Santander,68,2012,215,10.548926904277565,11.507207133197163,1.1145983616364155,1.0804039982777027,1.1495477440807775
Santander,68,2013,235,11.419119590738754,11.81081381716426,1.1149462720873815,1.0808136773864514,1.1498418267685515
Santander,68,2014,243,11.697606756306598,12.219263191487638,1.1153210900167243,1.0812416593457534,1.1501669074778305
Santander,68,2015,261,12.445942408189717,12.30804474292045,1.1157438418536973,1.0816911689531326,1.1505650476154787
Santander,68,2016,281,13.25500458972223,12.115395090449935,1.116201765633683,1.0821579167787527,1.151016717028959
Santander,68,2017,270,12.578639792480397,12.238615232773107,1.116692983347921,1.0826448186774709,1.1515166582561567
Santander,68,2018,294,13.460724901242234,12.339445886315538,1.1172290342740772,1.0831629053746505,1.1520812948480692
Santander,68,2019,280,12.543206867943326,12.306003526955248,1.1177618781652514,1.0836543919005992,1.1526718414456674
Santander,68,2020,293,12.807029966701723,11.615289228155534,1.118272067797569,1.0840985116011665,1.1532686435640376
Santander,68,2021,281,12.114376963197298,11.655927683144865,1.1186634779381974,1.0844123073071477,1.1537579829339948
Santander,68,2022,262,11.191521098580214,11.383955663229854,1.11897231490508,1.0846345555747496,1.1541785237775182
Santander,68,2023,264,11.183753733742783,11.38734830057083,1.1191310472057063,1.0846802660955448,1.1544882215333538
Santander,68,2024,247,10.375317665343498,11.19105029921587,1.1191848626753844,1.0846001235220009,1.1547324258629765
Sucre,70,2008,30,3.7063851131806467,3.9455413310078606,0.3756059299181101,0.34636764687226834,0.40662266645971495
Sucre,70,2009,34,4.156799362298075,3.8243910046833944,0.3756226403120865,0.34640307789602526,0.4066211391157059
Sucre,70,2010,31,3.7511601370262495,3.8437871671038915,0.3756557823870427,0.34645071168690744,0.4066396056681392
Sucre,70,2011,17,2.0365720419390083,3.7966995936002346,0.3757350875626436,0.34653504686920533,0.4067141738225276
Sucre,70,2012,19,2.25398896731716,3.880058063225589,0.37582588983290754,0.34663017484886544,0.4068004988995774
Sucre,70,2013,21,2.467229900006697,3.982429559978012,0.3759431873606618,0.34674706756917045,0.4069182485463134
Sucre,70,2014,29,3.3747457303647987,4.120152491803065,0.3760695629662971,0.34687152666162563,0.4070464710580231
Sucre,70,2015,35,4.033647535268486,4.150088244650331,0.3762121034522108,0.3470078809463779,0.40719544196050117
Sucre,70,2016,22,2.5074168249948428,4.085129612856393,0.3763665033348416,0.34715310524035553,0.4073595549792264
Sucre,70,2017,31,3.4884846247853454,4.126677520037799,0.3765321274931238,0.3473071182080508,0.40753763847187263
Sucre,70,2018,39,4.310106647510637,4.16067594596559,0.3767128614902903,0.3474733614440228,0.40773429116772314
Sucre,70,2019,45,4.847247086804501,4.149399454731534,0.37689250759756066,0.3476355431217064,0.40793345055961444
Sucre,70,2020,48,5.033272025283803,3.9165007158025658,0.3770645110906702,0.34778743029731624,0.4081281504600389
Sucre,70,2021,44,4.523472711122808,3.930203137363376,0.37719646433670195,0.34790047641588523,0.4082815950832399
Sucre,70,2022,45,4.5510537206381185,3.8384979709987266,0.37730056998028333,0.3479862708892685,0.4084069022391055
Sucre,70,2023,61,6.074632335367505,3.8396415089848936,0.37735405200781974,0.3480209138001806,0.40848307855494304
Sucre,70,2024,53,5.198244366525268,3.7734522097350145,0.3773721393657142,0.34801927413156497,0.40852608061380996
Tolima,73,2008,203,15.501946143337255,15.240414317617919,1.450850342668671,1.4011858939502382,1.501639533440074
Tolima,73,2009,224,17.08520329866461,14.772449556058815,1.4509150605491739,1.4014499293977387,1.5015496458776
Tolima,73,2010,196,14.930284711388454,14.847372248475132,1.4510432019041704,1.4017395419932752,1.5015416816359293
Tolima,73,2011,208,15.823759831842121,14.665488573862783,1.4513496518759557,1.4021420881405007,1.5017719115849426
Tolima,73,2012,209,15.880807322495887,14.98747784070694,1.4517004910880331,1.402585661525115,1.502040250293141
Tolima,73,2013,230,17.457212751051795,15.382908631652908,1.4521536702066264,1.4031007680422545,1.5024384081957414
Tolima,73,2014,216,16.37529756038391,15.91489117933887,1.4526419064287925,1.403640184385848,1.5028778305107897
Tolima,73,2015,213,16.125234781147253,16.030524813700694,1.4531925838876552,1.4042101542049894,1.5034108051434785
Tolima,73,2016,201,15.18903548113348,15.779610467820667,1.453789078581263,1.4048041755719034,1.504012453251972
Tolima,73,2017,199,15.005244295179546,15.940098552777926,1.4544289422626264,1.4054254110400768,1.5046761922663745
Tolima,73,2018,209,15.712112008564228,16.071425643670157,1.455127200743907,1.406088042297447,1.5054227122909813
Tolima,73,2019,212,15.807470968684804,16.027869723552087,1.4558212766592766,1.406719451323505,1.5061990013244326
Tolima,73,2020,196,14.488757537295614,15.128254340276865,1.4564858378438672,1.4072934338630425,1.5069787901152172
Tolima,73,2021,191,14.026100296163678,15.181184137294098,1.4569956770410875,1.4077024065399875,1.5076141383386212
Tolima,73,2022,178,13.00841527538742,14.826956269949601,1.4573979441935665,1.4079958896368647,1.5081547534766149
Tolima,73,2023,183,13.323063168792288,14.831374927957102,1.4576046781490863,1.4080655045869654,1.508542140270126
Tolima,73,2024,204,14.777854081730226,14.575707444323951,1.457674722060296,1.4079765561260107,1.5088346159284303
Valle del Cauca,76,2008,539,12.580598103574035,12.334748019911983,1.1742379845102622,1.1479984488970827,1.2005974315269201
Valle del Cauca,76,2009,506,11.757491741291497,11.956005330460794,1.1742905692209291,1.148322368677805,1.2004699544543425
Valle del Cauca,76,2010,515,11.910954169192445,12.016644975436751,1.1743944119872254,1.1486469643139876,1.2004094421609626
Valle del Cauca,76,2011,517,11.903854615483622,11.869439335355223,1.1746425330849506,1.1490358802997913,1.2005609145731806
Valle del Cauca,76,2012,499,11.446823426210885,12.13004030109445,1.1749265386193786,1.1494550541933621,1.2007354160971726
Valle del Cauca,76,2013,567,12.970957865204523,12.450080605637021,1.1752933517815145,1.1499193856207903,1.2010227878002206
Valle del Cauca,76,2014,550,12.548431240756939,12.880638166710602,1.1756885153447365,1.1503979587055366,1.2013432343084367
Valle del Cauca,76,2015,559,12.712652659855353,12.97422567713126,1.1761342036399258,1.1508871672080419,1.2017509386587393
Valle del Cauca,76,2016,517,11.711222545168056,12.771149375107857,1.1766169716498691,1.1513867037277383,1.2022231826598975
Valle del Cauca,76,2017,574,12.949659439749002,12.901039651021234,1.1771348459105373,1.151902598144169,1.2027531541481424
Valle del Cauca,76,2018,559,12.48918367433571,13.00732887617828,1.1777000047412314,1.1524482853720237,1.2033609033857677
Valle del Cauca,76,2019,622,13.718779575604481,12.97207767099691,1.1782618028248317,1.152956819442073,1.2040102628892873
Valle del Cauca,76,2020,552,12.004389431091978,12.243979072181235,1.1787997290612904,1.153405136975844,1.2046798597532793
Valle del Cauca,76,2021,597,12.876089102536588,12.286818260797219,1.1792124335408973,1.1537100286034603,1.2052411612193037
Valle del Cauca,76,2022,591,12.685640177289871,12.00012658332633,1.179538098999317,1.153915394562949,1.2057370264085332
Valle del Cauca,76,2023,574,12.282291567479318,12.003704285211876,1.1797055637951621,1.153924165611566,1.2061365353292006
Valle del Cauca,76,2024,562,11.974180088259509,11.796783117667921,1.1797624655912373,1.15379404938344,1.2064868385307086
Arauca,81,2008,23,10.222403953848069,8.615270405353282,0.8201527700818922,0.7394103788953476,0.9072277740655106
Arauca,81,2009,16,7.057629959639178,8.35073302980802,0.8201892498326057,0.7394764482535167,0.9072335532334579
Arauca,81,2010,17,7.439401697058811,8.393085377908372,0.8202616110649498,0.7395701097759562,0.9072829734226732
Arauca,81,2011,11,4.7753626019648445,8.290267465021818,0.8204347737014271,0.7397448434096189,0.9074546699117166
Arauca,81,2012,22,9.469860018251003,8.472284448057401,0.8206330394348924,0.7399426772710215,0.9076528978115683
Arauca,81,2013,21,8.95411654848654,8.695817238400108,0.8208891582574468,0.7401882733985979,0.9079198870132277
Arauca,81,2014,17,7.1750847293093765,8.996541470214998,0.8211650965936236,0.7404505386855683,0.9082098112907452
Arauca,81,2015,24,10.009509033581903,9.061907436067687,0.8214763293785093,0.7407396788556545,0.9085443348066343
Arauca,81,2016,24,9.827768359499766,8.920067114052399,0.8218134520536279,0.7410488787022375,0.9089112616525007
Arauca,81,2017,15,5.987976143903043,9.010788655781184,0.8221750806738871,0.7413776151555395,0.9093083390915317
Arauca,81,2018,26,9.916964493452896,9.085025486529428,0.8225696959315714,0.7417333662617754,0.9097454688002166
Arauca,81,2019,26,9.773297096954867,9.060402760430867,0.8229619619602491,0.7420808678249454,0.9101874488368638
Arauca,81,2020,30,11.090778018077968,8.551857824640539,0.8233375463341961,0.7424076312425931,0.9106178592565782
Arauca,81,2021,24,8.786799298520522,8.581777792816776,0.8236256824488989,0.7426522487368707,0.9109553406545495
Arauca,81,2022,24,8.733433767821664,8.38153550188576,0.8238530138778928,0.7428393051655539,0.9112291292124851
Arauca,81,2023,22,7.964089197799016,8.384032532850291,0.8239698005746527,0.742919206228061,0.9113902324303587
Arauca,81,2024,25,8.99659209091596,8.239505179497675,0.8240092954881415,0.7429232544184747,0.9114744777784819
Casanare,85,2008,23,6.621334515577409,8.073458386703335,0.7685735848617397,0.7066394454233496,0.8344155747346641
Casanare,85,2009,26,7.331771102106193,7.825557655520812,0.7686077665389066,0.7067106769184809,0.8344132927374787
Casanare,85,2010,36,9.949588750331653,7.865246375720059,0.7686755672177704,0.7068072622041277,0.8344517000393034
Casanare,85,2011,36,9.758424773387691,7.768894503823781,0.7688378247200678,0.7069793038145193,0.834604628057535
Casanare,85,2012,32,8.513536523071684,7.939464313815576,0.7690236052951743,0.7071734791206001,0.8347816059662667
Casanare,85,2013,39,10.189818020301253,8.148938996826525,0.7692636000048854,0.7074122977568762,0.8350228125390708
Casanare,85,2014,24,6.1615718169705085,8.430750577521142,0.7695221697434635,0.7076666379991963,0.8352854181679467
Casanare,85,2015,26,6.560355268469924,8.49200555266503,0.7698138167578036,0.7079454365659987,0.8355903706945501
Casanare,85,2016,28,6.938352735941163,8.35908548539845,0.7701297323138417,0.7082423895277785,0.8359262936695852
Casanare,85,2017,33,8.02421855053434,8.444101553900241,0.7704686172882556,0.7085572796760927,0.8362908482156469
Casanare,85,2018,30,7.134177227230679,8.513669741577948,0.7708384242812776,0.7088970447031471,0.8366935332399803
Casanare,85,2019,36,8.36141763190717,8.490595423807859,0.7712060106978446,0.7092284890123786,0.8371013650134922
Casanare,85,2020,31,7.02135851962583,8.01403268026747,0.77155796301967,0.709538959368693,0.8374999825775155
Casanare,85,2021,40,8.901192314710556,8.042070847303846,0.7718279650001234,0.7097702812153616,0.837813868150774
Casanare,85,2022,45,9.876759983758216,7.854421659367367,0.7720409887760686,0.7099459208478982,0.8380700742537383
Casanare,85,2023,36,7.801292414109938,7.8567615737742145,0.7721504230500023,0.7100176059667095,0.8382249368650662
Casanare,85,2024,39,8.341086266080652,7.721323528911204,0.7721874339160282,0.7100153807997197,0.8383114318104795
Putumayo,86,2008,21,7.370567568800739,8.742247413119937,0.8322406721159157,0.7614080889177384,0.9078190181487129
Putumayo,86,2009,22,7.554970999213595,8.473811118715565,0.8322776886620565,0.761482182968076,0.907819084646967
Putumayo,86,2010,19,6.384408602150538,8.516787576309603,0.8323511061652793,0.7615841267475834,0.9078630329545454
Putumayo,86,2011,20,6.580484257836534,8.412454071356265,0.8325268010262759,0.7617682208840955,0.9080306440960424
Putumayo,86,2012,25,8.063813796862854,8.5971534965915275,0.8327279670141239,0.7619762000432851,0.9082244979654036
Putumayo,86,2013,28,8.862414184926932,8.823980575477677,0.8329878363930082,0.7622326676650035,0.9084878183840728
Putumayo,86,2014,22,6.83548236756253,9.129136788791666,0.8332678193951968,0.7625059812462444,0.9087743459251145
Putumayo,86,2015,26,7.930310868186033,9.19546592633326,0.8335836190539715,0.7628060345055463,0.909106519346879
Putumayo,86,2016,23,6.883095118389235,9.051534964851836,0.8339256981744392,0.7631258771875504,0.9094721334476892
Putumayo,86,2017,34,9.977989728539985,9.143593526730074,0.8342926499186429,0.7634652069106999,0.909868692353926
Putumayo,86,2018,35,10.052647149212879,9.218924556661845,0.8346930870621356,0.7638314508308762,0.9103065425473903
Putumayo,86,2019,35,9.85590664485226,9.193938801641067,0.8350911228124234,0.7641889502742693,0.9107496755630093
Putumayo,86,2020,30,8.283585798620507,8.677898589356039,0.8354722305264356,0.7645241823005987,0.9111823618130902
Putumayo,86,2021,39,10.585658332948812,8.708259363941373,0.8357645973508789,0.7647744207854604,0.9115225063338753
Putumayo,86,2022,44,11.753392456459023,8.505065669924276,0.8359952640921259,0.7649649076006253,0.911799542178981
Putumayo,86,2023,37,9.738866764406286,8.507599420905096,0.836113763960913,0.7650436575250665,0.9119657985704832
Putumayo,86,2024,41,10.638297872340425,8.360941994951151,0.8361538433181658,0.7650430036334186,0.9120571249624156
Archipiélago de San Andrés,88,2008,1,1.6136580013231996,2.8697217166088347,0.27319052153933937,0.19127951857950418,0.37857216461375276
Archipiélago de San Andrés,88,2009,2,3.2323232323232323,2.781605034417745,0.27320266836049706,0.19129067875469608,0.37858483633227163
Archipiélago de San Andrés,88,2010,3,4.855390292456342,2.795712348737262,0.273226758932469,0.1913099375842388,0.37861444205895
Archipiélago de San Andrés,88,2011,0,0,2.761464006719977,0.27328443949449566,0.1913517812994122,0.37869200947130605
Archipiélago de San Andrés,88,2012,1,1.62250742297146,2.82209324626559,0.273350472644084,0.19139961981846645,0.37878090429860994
Archipiélago de San Andrés,88,2013,1,1.6248801650878248,2.8965513476337557,0.27343578325319245,0.19146053076952482,0.37889715039739
Archipiélago de San Andrés,88,2014,3,4.880985308234222,2.9967216408006974,0.2735276910331964,0.1915260200577435,0.37902260797574705
Archipiélago de San Andrés,88,2015,4,6.514021431130509,3.0184948172104704,0.27363135853946835,0.19159930862371297,0.3791650512522247
Archipiélago de San Andrés,88,2016,2,3.2595586557580103,2.971248184890418,0.2737436497407195,0.19167836970944882,0.3793198847730701
Archipiélago de San Andrés,88,2017,3,4.893245689866088,3.0014672353949035,0.27386410453846066,0.19176292691296334,0.37948639455444955
Archipiélago de San Andrés,88,2018,2,3.2634945499641015,3.0261953113379323,0.2739955502345774,0.19185491409268174,0.37966858453872937
Archipiélago de San Andrés,88,2019,2,3.2425947242983835,3.01799342317491,0.2741262010521307,0.19194594715067848,0.3798503732214923
Archipiélago de San Andrés,88,2020,2,3.2192122587602814,2.8485985158368785,0.27425129844449336,0.19203258051003635,0.3800252971443068
Archipiélago de San Andrés,88,2021,2,3.1962667604238253,2.8585646089927716,0.27434726040991636,0.1920986195561359,0.3801602245131185
Archipiélago de San Andrés,88,2022,0,0,2.7918644492270364,0.2744229789776278,0.19215014117134427,0.3802676335567282
Archipiélago de San Andrés,88,2023,1,1.5871252400526925,2.792696014421276,0.274461861765466,0.19217538994297753,0.38032496892363304
Archipiélago de San Andrés,88,2024,2,3.162055335968379,2.74455431686802,0.2744750103075038,0.19218195279318018,0.3803477565907934
Amazonas,91,2008,1,1.5800034760076471,4.339033337328388,0.41306541102601946,0.316393552008183,0.5298369349066395
Amazonas,91,2009,4,6.19041723412158,4.205800325023724,0.41308376177441297,0.31641347544414616,0.529852283330127
Amazonas,91,2010,1,1.5153581548999104,4.227130806135484,0.4131202018210693,0.31644627585110996,0.5298920203877617
Amazonas,91,2011,7,10.39176971838304,4.175347066201678,0.4132074073408772,0.31651627679329775,0.5299992337993721
Amazonas,91,2012,5,7.280033779356736,4.267018980320041,0.4133072699122255,0.31659590518096636,0.5301226353633276
Amazonas,91,2013,6,8.577187540205568,4.379600113207855,0.41343627078078604,0.3166970695788801,0.5302844902398159
Amazonas,91,2014,2,2.8083971073509795,4.531058399384022,0.41357526339648065,0.31680556651300545,0.5304595447238097
Amazonas,91,2015,2,2.759191556873836,4.563979840954646,0.413732035286807,0.3169267692141266,0.5306586951890303
Amazonas,91,2016,0,0,4.4925430622752796,0.41390185469476015,0.3170572818948851,0.5308755489902893
Amazonas,91,2017,6,7.988922028121006,4.538234848343312,0.4140840213980396,0.3171967265641795,0.531108992112922
Amazonas,91,2018,6,7.835660089065336,4.575624262188491,0.4142828067599958,0.31734833114941075,0.5313646194358976
Amazonas,91,2019,1,1.280983795554986,4.563223491823473,0.41448039971189515,0.3174980378907871,0.5316201891154455
Amazonas,91,2020,2,2.5130995313069375,4.307097783187289,0.4146695833054188,0.3176403941258917,0.5318663801590278
Amazonas,91,2021,1,1.2366289494837073,4.322167014242348,0.4148147205283246,0.3177484953769001,0.5320568716378056
Amazonas,91,2022,3,3.658715059271184,4.221316081490527,0.4149292185763253,0.31783284836364994,0.5322086391435988
Amazonas,91,2023,3,3.6106731498309004,4.22257371851325,0.4149880396005925,0.31787324276568957,0.5322910805634341
Amazonas,91,2024,3,3.566800223519481,4.1497831031632035,0.41500791331192216,0.31788292705542776,0.5323251716594185
Guainía,94,2008,0,0,2.863204508064549,0.27257009915103264,0.1790823586539522,0.39524830954405465
Guainía,94,2009,0,0,2.775287333854538,0.27258215875168695,0.17909274746205317,0.39526113833397314
Guainía,94,2010,2,5.435816595548067,2.789362727165972,0.27260620634838256,0.17911082698119027,0.395293116976374
Guainía,94,2011,2,5.253204454717378,2.7551922568681837,0.27266376450516894,0.17914964055240942,0.3953744020476068
Guainía,94,2012,1,2.541037759821111,2.815684433218523,0.27272970928772733,0.17919413058119427,0.3954686898668604
Guainía,94,2013,2,4.921502042423348,2.88997411784957,0.272814889727813,0.17925062941502787,0.39559120827169386
Guainía,94,2014,1,2.3840175463691415,2.9899179828300193,0.272906682785396,0.17931146789695554,0.39572398536115994
Guainía,94,2015,1,2.3099489501282022,3.0116428252272964,0.273010214562554,0.17937952653259104,0.39587437730534075
Guainía,94,2016,0,0,2.964504691861146,0.2731223659303595,0.1794530081360611,0.3960379355439944
Guainía,94,2017,2,4.324324324324325,2.994656516530657,0.2732426713270551,0.17953161210226656,0.39621375810680665
Guainía,94,2018,1,2.0798236309560947,3.0193298361687644,0.2733739414310906,0.1796171677821925,0.3964058240781215
Guainía,94,2019,1,2.0020821654520704,3.0111479739349365,0.27350442468236147,0.17970197899347393,0.39659757689858843
Guainía,94,2020,0,0,2.8421383719680273,0.27362934247761317,0.1797826564683283,0.39678148627461124
Guainía,94,2021,0,0,2.852082886562512,0.27372518498580833,0.17984437176956905,0.3969237339846527
Guainía,94,2022,1,1.8139273340709972,2.7855343658274494,0.27380077099608613,0.17989247094282437,0.39703596337234975
Guainía,94,2023,0,0,2.786364357830714,0.27383959631053234,0.17991672113053667,0.3970962236641165
Guainía,94,2024,4,6.868131868131868,2.738331309791666,0.27385266520727086,0.17992347935670752,0.39711858929647637
Guaviare,95,2008,4,5.495562333415767,6.637169845881489,0.6318424121918772,0.5123536673118421,0.7707194081433133
Guaviare,95,2009,8,10.973936899862826,6.433371197144539,0.6318705049300299,0.5123879867370266,0.7707389224546776
Guaviare,95,2010,4,5.464928819302129,6.465999334287431,0.6319262574223039,0.5124429273288602,0.7707942173478154
Guaviare,95,2011,5,6.788681909520447,6.386788871295149,0.6320596656752181,0.5125574173803739,0.770948691307593
Guaviare,95,2012,4,5.384957122278914,6.527014192282949,0.6322124248644614,0.5126876353957044,0.7711265214297272
Guaviare,95,2013,7,9.32189847120865,6.69922313174052,0.6324097536581942,0.5128524559006132,0.7713606964522689
Guaviare,95,2014,2,2.628086358917754,6.9309001421508265,0.6326223586644601,0.5130291489225964,0.771614087571581
Guaviare,95,2015,2,2.5863852679495136,6.981258106545757,0.6328621567003979,0.5132261083777112,0.7719029998339726
Guaviare,95,2016,4,5.076399817249606,6.871985237934463,0.6331219080125092,0.5134379547724109,0.7722179705862752
Guaviare,95,2017,8,9.937024109704746,6.941877192406445,0.633400544472118,0.5136640946931118,0.7725573528481552
Guaviare,95,2018,6,7.249178426445003,6.99906948335953,0.63370460162906,0.5139097082908601,0.77292936881964025
Guaviare,95,2019,7,8.41973586085785,6.9801007226577125,0.6340068468573654,0.5141516744469438,0.7733021899851552
Guaviare,95,2020,8,9.572355038648382,6.5883199874744705,0.6342962341261532,0.514381283171691,0.773662038322234
Guaviare,95,2021,6,7.15264946057102,6.611370567447455,0.6345182463352012,0.5145551854301166,0.7739411784502129
Guaviare,95,2022,5,5.944808398825305,6.457104797977631,0.6346933980703648,0.514690383134667,0.7741642978372392
Guaviare,95,2023,6,7.11591830925781,6.4590286239221495,0.6347833821381643,0.5147538592797748,0.7742873757411526
Guaviare,95,2024,2,2.365464222353637,6.347685173496729,0.6348137993539613,0.5147670855915264,0.7743408809183592
Vaupés,97,2008,0,0,3.2633828325983885,0.3106661014760694,0.2020517501697752,0.45405704315959544
Vaupés,97,2009,2,6.580246101204184,3.1631776974188774,0.31067983295268414,0.2020634877887143,0.45407173534203255
Vaupés,97,2010,1,3.156864602077217,3.179220363227603,0.3107072428853872,0.20208381199403505,0.4541085426120283
Vaupés,97,2011,0,0,3.140274003350898,0.3107728432369568,0.202127590363233,0.4542019415804709
Vaupés,97,2012,1,2.926972047416947,3.2092210001043497,0.31084801267948103,0.20217770022982015,0.4543103650825119
Vaupés,97,2013,2,5.657228523746217,3.2938939212104232,0.3109451054734015,0.20224138188955731,0.45445120849410103
Vaupés,97,2014,0,0,3.407806684082264,0.3110497421894208,0.2023099125924042,0.4546038978984031
Vaupés,97,2015,1,2.656889313991179,3.4325680958333713,0.31116776016535724,0.20238659049205832,0.45477683448753786
Vaupés,97,2016,0,0,3.378841883999474,0.3112956076595591,0.202469359297278,0.45496494252662123
Vaupés,97,2017,3,7.535605737107835,3.4132081813419717,0.31143275234306567,0.20255789117932987,0.4551671735465855
Vaupés,97,2018,2,4.905086574778045,3.441330307943088,0.31158239778215696,0.20265425124994296,0.45538810790420775
Vaupés,97,2019,3,7.237984944991314,3.432005255009419,0.3117311506785733,0.20274974779900246,0.4556087127839169
Vaupés,97,2020,1,2.373323840037973,3.2393740868271585,0.31187355624904295,0.20284062134338407,0.45582026447985224
Vaupés,97,2021,1,2.345160760770151,3.2507088153043804,0.31198282349943435,0.20291008963532117,0.4559839440484595
Vaupés,97,2022,0,0,3.174859218957101,0.31206899208233785,0.20296428037446126,0.4561130430431999
Vaupés,97,2023,0,0,3.175805384085913,0.31211326038349285,0.20299155442796568,0.4561823566402798
Vaupés,97,2024,0,0,3.1210588767806136,0.3121281521410238,0.20299924028979524,0.45620792425249634
Vichada,99,2008,1,1.1812930433652677,2.0909877029734645,0.1990569391455492,0.14392360290292752,0.2677859344583928
Vichada,99,2009,1,1.149544205722431,2.0267822839229437,0.19906576286069955,0.14393236432622125,0.26779404310246707
Vichada,99,2010,0,0,2.0370613709323373,0.199083312837161,0.14394721468072721,0.267814765372219
Vichada,99,2011,1,1.091679220977708,2.0121067447694387,0.199125341706172,0.14397873954334223,0.26786939839019724
Vichada,99,2012,3,3.1966243646709076,2.0562836756943224,0.19917347358566295,0.14401480727130359,0.2679324664833527
Vichada,99,2013,3,3.1231456322808335,2.110536880226494,0.19923565498016144,0.1440605438114238,0.2680148885173602
Vichada,99,2014,4,4.072158651301055,2.183525076957065,0.19930265276609652,0.1441097381722824,0.26810407926713553
Vichada,99,2015,1,0.9960953063989163,2.199390203721896,0.19937822187781384,0.14416470702694062,0.2682053497408518
Vichada,99,2016,2,1.948121523820656,2.1649649171613814,0.19946007910013352,0.14422399555894122,0.2683155275579003
Vichada,99,2017,5,4.759230527608296,2.186984111357379,0.19954788719122155,0.1442873850669904,0.2684340380412761
Vichada,99,2018,0,0,2.2050023607245715,0.19964370205443258,0.14435634263629837,0.2685636322130023
Vichada,99,2019,0,0,2.1990265283629116,0.19973893369152124,0.14442464979274075,0.26869297820446597
Vichada,99,2020,6,4.980741134280781,2.075599128051077,0.19983011040467125,0.1444895897258567,0.26881730921653646
Vichada,99,2021,2,1.5846102651052971,2.082861037842892,0.1999000539463397,0.1445391630019788,0.2689134018912736
Vichada,99,2022,1,0.758587207185338,2.034260751038818,0.19995522901260376,0.1445777698356681,0.2689896129985241
Vichada,99,2023,2,1.4552969169534815,2.034866622540223,0.19998355667168116,0.1445969088021921,0.2690305828309699
Vichada,99,2024,2,1.3974580238546084,1.9997884384962428,0.19999310958999617,0.1446019124905085,0.26904660300263594
